Model Type,Denoising Time (s),Peak Memory (MB),Model Size (MB)
Base,496.66558361053467,4590.68359375,660.0917472839355
Quantized,470.65131664276123,4589.9921875,3.9224252700805664
